[{"family":"MaterialIcons","fonts":[{"asset":"fonts/MaterialIcons-Regular.otf"}]},{"family":"Montserrat","fonts":[{"weight":400,"style":"normal","asset":"fonts/Montserrat-Regular.ttf"},{"weight":500,"style":"normal","asset":"fonts/Montserrat-Medium.ttf"},{"weight":600,"style":"normal","asset":"fonts/Montserrat-SemiBold.ttf"},{"weight":700,"style":"normal","asset":"fonts/Montserrat-Bold.ttf"}]},{"family":"packages/cupertino_icons/CupertinoIcons","fonts":[{"asset":"packages/cupertino_icons/assets/CupertinoIcons.ttf"}]}]